[
    {
        "TaskID": 1,
        "FirstName": "Task1",
        "ProjectID": 1,
        "LastName": "ParentTask1",
        "EmployeeID":123,
        "UserID":12331
    },
    {
        "TaskID": 2,
        "FirstName": "Task2",
        "ProjectID": 2,
        "LastName": "ParentTask2",
        "EmployeeID":124,
        "UserID":12332
    },
    {
        "TaskID": 3,
        "FirstName": "Task3",
        "ProjectID": 3,
        "LastName": "ParentTask3",
        "EmployeeID":1252,
        "UserID":12333
    }
]