[
    {
        "TaskID": 1,
        "TaskName": "Task1",
        "ParentTaskID": 1,
        "ParentTaskName": "ParentTask1",
        "StartDate": "",
        "EndDate": "",
        "Priority": 7,
        "IsCompleted": true
    },
    {
        "TaskID": 2,
        "TaskName": "Task2",
        "ParentTaskID": 2,
        "ParentTaskName": "ParentTask2",
        "StartDate": "23-July-2019",
        "EndDate": "23-July-2019",
        "Priority": 8,
        "IsCompleted": false
    },
    {
        "TaskID": 3,
        "TaskName": "Task3",
        "ParentTaskID": 3,
        "ParentTaskName": "ParentTask3",
        "StartDate": "23-July-2019",
        "EndDate": "23-July-2019",
        "Priority": 9,
        "IsCompleted": false
    },
    {
        "TaskID": 4,
        "TaskName": "Task4",
        "ParentTaskID": 3,
        "ParentTaskName": "ParentTask3",
        "StartDate": "23-July-2019",
        "EndDate": "23-July-2019",
        "Priority": 9,
        "IsCompleted": false
    },
    {
        "TaskID": 5,
        "TaskName": "Task5",
        "ParentTaskID": 3,
        "ParentTaskName": "ParentTask3",
        "StartDate": "23-July-2019",
        "EndDate": "23-July-2019",
        "Priority": 9,
        "IsCompleted": false
    },
    {
        "TaskID": 6,
        "TaskName": "Task6",
        "ParentTaskID": 3,
        "ParentTaskName": "ParentTask3",
        "StartDate": "23-July-2019",
        "EndDate": "23-July-2019",
        "Priority": 9,
        "IsCompleted": false
    },
    {
        "TaskID": 7,
        "TaskName": "Task7",
        "ParentTaskID": 3,
        "ParentTaskName": "ParentTask3",
        "StartDate": "23-July-2019",
        "EndDate": "23-July-2019",
        "Priority": 9,
        "IsCompleted": false
    },
    {
        "TaskID": 8,
        "TaskName": "Task8",
        "ParentTaskID": 3,
        "ParentTaskName": "ParentTask3",
        "StartDate": "23-July-2019",
        "EndDate": "23-July-2019",
        "Priority": 9,
        "IsCompleted": false
    },
    {
        "TaskID": 9,
        "TaskName": "Task9",
        "ParentTaskID": 3,
        "ParentTaskName": "ParentTask3",
        "StartDate": "23-July-2019",
        "EndDate": "23-July-2019",
        "Priority": 9,
        "IsCompleted": false
    },
    {
        "TaskID": 10,
        "TaskName": "Task10",
        "ParentTaskID": 3,
        "ParentTaskName": "ParentTask3",
        "StartDate": "23-July-2019",
        "EndDate": "23-July-2019",
        "Priority": 9,
        "IsCompleted": false
    },
    {
        "TaskID": 11,
        "TaskName": "Task11",
        "ParentTaskID": 3,
        "ParentTaskName": "ParentTask3",
        "StartDate": "23-July-2019",
        "EndDate": "23-July-2019",
        "Priority": 9,
        "IsCompleted": false
    },
    {
        "TaskID": 12,
        "TaskName": "Task12",
        "ParentTaskID": 3,
        "ParentTaskName": "ParentTask3",
        "StartDate": "23-July-2019",
        "EndDate": "23-July-2019",
        "Priority": 9,
        "IsCompleted": false
    },
    {
        "TaskID": 13,
        "TaskName": "Task13",
        "ParentTaskID": 3,
        "ParentTaskName": "ParentTask3",
        "StartDate": "23-July-2019",
        "EndDate": "23-July-2019",
        "Priority": 9,
        "IsCompleted": false
    }
]